{"cameraMode":{"drawMode":0,"name":"Shaded","section":"Shading Mode"},"sceneLighting":true,"audioPlay":false,"sceneViewState":{"showFog":true,"showMaterialUpdate":false,"showSkybox":true,"showFlares":true,"showImageEffects":true,"showParticleSystems":true},"in2DMode":false,"pivot":{"x":-2.1268534660339357,"y":1.819621205329895,"z":20.867916107177736},"rotation":{"x":-0.03327775001525879,"y":0.03956472873687744,"z":-0.001317215501330793,"w":-0.9986665844917297},"size":28.52788734436035,"orthographic":false}